filename,R,G,B,HEX,L,a,b
brown (1).jpg,160,103,73,#a06749,49,20,26
brown (2).jpg,144,105,85,#906955,48,13,17
brown (3).jpg,161,112,81,#a17051,52,16,25
brown (4).jpg,178,125,86,#b27d56,57,16,29
brown (5).jpg,172,132,126,#ac847e,59,14,9
brown (6).jpg,193,123,93,#c17b5d,58,24,28
brown (7).jpg,170,120,128,#aa7880,56,21,3
brown (8).jpg,193,144,115,#c19073,64,15,23
brown (9).jpg,174,116,102,#ae7466,55,21,17
brown (10).jpg,132,91,62,#845b3e,42,13,24
brown (11).jpg,160,96,79,#a0604f,47,24,21
brown (12).jpg,183,128,92,#b7805c,58,17,28
brown (13).jpg,133,93,99,#855d63,44,17,3
brown (14).jpg,146,101,62,#92653e,47,14,29
brown (15).jpg,166,123,112,#a67b70,56,15,12
brown (16).jpg,169,134,113,#a98671,59,10,16
brown (17).jpg,173,127,114,#ad7f72,57,16,14
brown (18).jpg,151,105,79,#97694f,49,15,22
brown (19).jpg,174,123,85,#ae7b55,56,15,29
brown (20).jpg,181,117,88,#b57558,55,22,26
brown (21).jpg,166,119,99,#a67763,54,16,18
brown (22).jpg,151,107,85,#976b55,49,15,19
brown (23).jpg,146,101,74,#92654a,47,15,22
brown (24).jpg,149,104,80,#956850,48,15,21
brown (25).jpg,148,111,91,#946f5b,50,12,17
brown (26).jpg,152,107,82,#986b52,49,15,21
brown (27).jpg,201,156,127,#c99c7f,68,13,22
brown (28).jpg,126,100,97,#7e6461,45,10,6
brown (29).jpg,156,117,101,#9c7565,53,13,15
brown (30).jpg,181,141,123,#b58d7b,62,13,15
brown (31).jpg,169,87,71,#a95747,47,32,24
brown (32).jpg,206,140,125,#ce8c7d,65,23,18
brown (33).jpg,155,119,101,#9b7765,53,12,15
brown (34).jpg,162,119,101,#a27765,54,14,16
brown (35).jpg,180,129,94,#b4815e,58,15,27
brown (36).jpg,194,148,120,#c29478,65,14,22
brown (37).jpg,176,126,119,#b07e77,58,18,11
brown (38).jpg,206,160,138,#cea08a,69,14,18
brown (39).jpg,165,124,110,#a57c6e,56,14,14
brown (40).jpg,202,130,104,#ca8268,61,25,26
brown (41).jpg,185,135,110,#b9876e,61,16,21
brown (42).jpg,173,126,97,#ad7e61,57,14,23
brown (43).jpg,198,159,137,#c69f89,69,11,17
brown (44).jpg,140,99,78,#8c634e,46,14,19
brown (45).jpg,180,137,108,#b4896c,60,12,22
brown (46).jpg,176,134,107,#b0866b,59,12,21
brown (47).jpg,147,122,78,#937a4e,53,3,28
brown (48).jpg,132,105,81,#846951,47,7,17
brown (49).jpg,161,109,80,#a16d50,51,17,25
brown (50).jpg,136,104,84,#886854,47,10,16
brown (51).jpg,148,102,66,#946642,47,14,28
brown (52).jpg,140,92,69,#8c5c45,44,17,21
brown (53).jpg,183,110,73,#b76e49,54,25,33
brown (54).jpg,162,117,72,#a27548,53,12,32
brown (55).jpg,189,122,92,#bd7a5c,58,23,27
brown (56).jpg,174,114,93,#ae725d,54,21,21
brown (57).jpg,165,115,89,#a57359,53,17,22
brown (58).jpg,129,84,68,#815444,40,17,17
brown (59).jpg,142,103,85,#8e6755,47,13,16
brown (60).jpg,141,109,107,#8d6d6b,49,12,6
brown (61).jpg,147,122,106,#937a6a,53,7,12
brown (62).jpg,147,116,98,#937462,51,9,15
brown (63).jpg,144,131,125,#90837d,56,4,5
brown (64).jpg,161,124,107,#a17c6b,55,12,15
brown (65).jpg,109,69,40,#6d4528,33,14,25
brown (66).jpg,135,101,101,#876565,46,14,5
brown (67).jpg,168,104,79,#a8684f,51,23,25
brown (68).jpg,108,79,68,#6c4f44,36,10,11
brown (69).jpg,119,89,80,#775950,41,11,10
brown (70).jpg,118,79,62,#764f3e,38,14,17
brown (71).jpg,175,123,88,#af7b58,56,16,27
brown (72).jpg,125,91,71,#7d5b47,42,11,17
brown (73).jpg,160,117,93,#a0755d,53,14,20
brown (74).jpg,102,69,45,#66452d,33,11,20
brown (75).jpg,130,81,59,#82513b,40,18,21
brown (76).jpg,127,95,66,#7f5f42,43,9,22
brown (77).jpg,126,86,77,#7e564d,41,15,12
brown (78).jpg,148,112,97,#947061,51,12,14
brown (79).jpg,147,109,83,#936d53,49,12,20
brown (80).jpg,171,129,118,#ab8176,58,14,12
brown (81).jpg,139,107,91,#8b6b5b,48,10,14
brown (82).jpg,195,149,128,#c39580,65,14,18
brown (83).jpg,167,132,110,#a7846e,58,10,17
brown (84).jpg,209,143,115,#d18f73,65,22,25
brown (85).jpg,196,152,130,#c49882,66,13,18
brown (86).jpg,176,131,108,#b0836c,58,14,19
brown (87).jpg,159,112,93,#9f705d,52,16,18
brown (88).jpg,154,115,93,#9a735d,52,12,18
brown (89).jpg,170,126,104,#aa7e68,56,14,19
brown (90).jpg,165,115,86,#a57356,53,16,24
brown (91).jpg,133,98,72,#856248,45,11,20
brown (92).jpg,144,86,65,#905641,43,22,22
brown (93).jpg,92,65,51,#5c4133,30,9,13
brown (94).jpg,173,129,110,#ad816e,58,14,17
brown (95).jpg,169,121,109,#a9796d,55,17,14
brown (96).jpg,154,119,107,#9a776b,53,12,12
brown (97).jpg,186,126,112,#ba7e70,58,21,17
brown (98).jpg,191,150,128,#bf9680,65,12,18
brown (99).jpg,144,97,85,#906155,46,18,15
brown (100).jpg,126,74,49,#7e4a31,37,19,24
brown (101).jpg,176,127,107,#b07f6b,58,16,18
brown (102).jpg,182,127,105,#b67f69,58,19,20
brown (103).jpg,184,133,104,#b88568,60,16,23
brown (104).jpg,137,103,89,#896759,47,12,13
brown (105).jpg,120,94,93,#785e5d,42,10,5
brown (106).jpg,148,114,102,#947266,51,12,12
brown (107).jpg,98,55,38,#623726,28,17,19
brown (108).jpg,116,97,80,#746150,43,5,13
brown (109).jpg,169,119,110,#a9776e,55,18,13
brown (110).jpg,165,116,89,#a57459,53,16,23
brown (111).jpg,167,124,90,#a77c5a,56,12,25
brown (112).jpg,155,109,106,#9b6d6a,51,18,9
brown (113).jpg,133,106,100,#856a64,47,10,7
brown (114).jpg,127,89,67,#7f5943,41,13,19
brown (115).jpg,147,107,97,#936b61,49,14,12
brown (116).jpg,206,144,133,#ce9085,65,22,15
brown (117).jpg,168,127,100,#a87f64,56,12,21
brown (118).jpg,167,124,89,#a77c59,55,12,26
brown (119).jpg,155,107,83,#9b6b53,50,16,21
brown (120).jpg,166,132,112,#a68470,58,10,16
brown (121).jpg,143,110,84,#8f6e54,49,9,20
brown (122).jpg,152,116,85,#987455,52,10,23
brown (123).jpg,191,146,120,#bf9278,64,13,20
brown (124).jpg,122,82,71,#7a5247,39,15,13
brown (125).jpg,136,97,75,#88614b,45,13,19
brown (126).jpg,152,106,80,#986a50,49,15,22
brown (127).jpg,140,98,76,#8c624c,45,14,19
brown (128).jpg,159,120,88,#9f7858,54,11,24
brown (129).jpg,179,148,135,#b39487,64,10,11
brown (130).jpg,106,80,69,#6a5045,36,9,11
brown (131).jpg,150,119,101,#967765,53,10,14
brown (132).jpg,94,63,46,#5e3f2e,30,11,16
brown (133).jpg,106,92,85,#6a5c55,40,4,6
brown (134).jpg,148,98,74,#94624a,46,17,22
brown (135).jpg,144,114,102,#907266,51,10,11
brown (136).jpg,137,94,69,#895e45,44,15,21
brown (137).jpg,168,133,112,#a88570,58,10,16
brown (138).jpg,163,117,99,#a37563,53,16,17
brown (139).jpg,161,104,70,#a16846,49,19,28
brown (140).jpg,157,123,109,#9d7b6d,55,11,13
brown (141).jpg,198,134,105,#c68669,62,21,26
brown (142).jpg,163,118,94,#a3765e,54,15,20
